NodeA,NodeB,Weights
0,49,1.0
0,168,1.0
0,303,1.0
0,365,1.0
0,367,1.0
0,297,1.0
1,4,1.0
1,347,1.0
1,57,1.0
1,29,1.0
1,136,1.0
1,62,1.0
2,178,1.0
2,71,1.0
2,58,1.0
2,261,1.0
2,128,1.0
2,242,1.0
3,335,1.0
3,233,1.0
3,268,1.0
3,138,1.0
3,403,1.0
3,60,1.0
4,1,1.0
4,347,1.0
4,57,1.0
4,406,1.0
4,361,1.0
4,59,1.0
5,100,1.0
5,201,1.0
5,332,1.0
5,369,1.0
5,393,1.0
5,259,1.0
6,305,1.0
6,141,1.0
6,355,1.0
6,149,1.0
6,261,1.0
6,220,1.0
7,137,1.0
7,37,1.0
7,10,1.0
7,125,1.0
7,378,1.0
7,94,1.0
8,232,1.0
8,211,1.0
8,166,1.0
8,249,1.0
8,159,1.0
8,265,1.0
9,266,1.0
9,251,1.0
9,78,1.0
9,262,1.0
9,114,1.0
9,27,1.0
10,37,1.0
10,180,1.0
10,137,1.0
10,274,1.0
10,7,1.0
10,139,1.0
11,53,1.0
11,284,1.0
11,147,1.0
11,230,1.0
11,241,1.0
11,357,1.0
12,153,1.0
12,87,1.0
12,16,1.0
12,213,1.0
12,255,1.0
12,192,1.0
13,165,1.0
13,55,1.0
13,402,1.0
13,31,1.0
13,365,1.0
13,49,1.0
14,405,1.0
14,350,1.0
14,196,1.0
14,155,1.0
14,282,1.0
14,346,1.0
15,219,1.0
15,290,1.0
15,163,1.0
15,292,1.0
15,221,1.0
15,298,1.0
16,255,1.0
16,153,1.0
16,12,1.0
16,95,1.0
16,87,1.0
16,390,1.0
17,158,1.0
17,208,1.0
17,277,1.0
17,84,1.0
17,173,1.0
17,70,1.0
18,368,1.0
18,367,1.0
18,365,1.0
18,49,1.0
18,370,1.0
18,122,1.0
19,28,1.0
19,126,1.0
19,23,1.0
19,390,1.0
19,334,1.0
19,391,1.0
20,333,1.0
20,205,1.0
20,113,1.0
20,120,1.0
20,336,1.0
20,142,1.0
21,225,1.0
21,401,1.0
21,342,1.0
21,150,1.0
21,224,1.0
21,31,1.0
22,332,1.0
22,121,1.0
22,357,1.0
22,284,1.0
22,230,1.0
22,334,1.0
23,126,1.0
23,334,1.0
23,19,1.0
23,382,1.0
23,28,1.0
23,395,1.0
24,389,1.0
24,380,1.0
24,42,1.0
24,167,1.0
24,159,1.0
24,338,1.0
25,308,1.0
25,45,1.0
25,364,1.0
25,281,1.0
25,171,1.0
25,26,1.0
26,103,1.0
26,281,1.0
26,45,1.0
26,273,1.0
26,269,1.0
26,25,1.0
27,114,1.0
27,41,1.0
27,328,1.0
27,143,1.0
27,139,1.0
27,203,1.0
28,19,1.0
28,390,1.0
28,391,1.0
28,126,1.0
28,23,1.0
28,309,1.0
29,62,1.0
29,90,1.0
29,160,1.0
29,1,1.0
29,324,1.0
29,4,1.0
30,148,1.0
30,265,1.0
30,245,1.0
30,123,1.0
30,232,1.0
30,8,1.0
31,402,1.0
31,150,1.0
31,165,1.0
31,401,1.0
31,13,1.0
31,21,1.0
32,127,1.0
32,67,1.0
32,106,1.0
32,343,1.0
32,324,1.0
32,119,1.0
33,64,1.0
33,226,1.0
33,258,1.0
33,247,1.0
33,386,1.0
33,304,1.0
34,250,1.0
34,270,1.0
34,111,1.0
34,377,1.0
34,195,1.0
34,132,1.0
35,77,1.0
35,210,1.0
35,325,1.0
35,207,1.0
35,140,1.0
35,244,1.0
36,192,1.0
36,213,1.0
36,87,1.0
36,216,1.0
36,172,1.0
36,373,1.0
37,10,1.0
37,137,1.0
37,180,1.0
37,7,1.0
37,274,1.0
37,280,1.0
38,375,1.0
38,311,1.0
38,133,1.0
38,177,1.0
38,43,1.0
38,260,1.0
39,220,1.0
39,355,1.0
39,141,1.0
39,110,1.0
39,302,1.0
39,134,1.0
40,237,1.0
40,189,1.0
40,72,1.0
40,101,1.0
40,302,1.0
40,116,1.0
41,143,1.0
41,27,1.0
41,139,1.0
41,114,1.0
41,328,1.0
41,274,1.0
42,159,1.0
42,389,1.0
42,166,1.0
42,24,1.0
42,380,1.0
42,307,1.0
43,194,1.0
43,177,1.0
43,142,1.0
43,375,1.0
43,113,1.0
43,38,1.0
44,388,1.0
44,66,1.0
44,188,1.0
44,289,1.0
44,387,1.0
44,384,1.0
45,281,1.0
45,25,1.0
45,308,1.0
45,26,1.0
45,364,1.0
45,103,1.0
46,356,1.0
46,339,1.0
46,331,1.0
46,293,1.0
46,322,1.0
46,70,1.0
47,337,1.0
47,99,1.0
47,105,1.0
47,128,1.0
47,243,1.0
47,151,1.0
48,363,1.0
48,69,1.0
48,200,1.0
48,100,1.0
48,201,1.0
48,272,1.0
49,0,1.0
49,365,1.0
49,367,1.0
49,168,1.0
49,18,1.0
49,303,1.0
50,309,1.0
50,373,1.0
50,172,1.0
50,391,1.0
50,216,1.0
50,390,1.0
51,360,1.0
51,256,1.0
51,217,1.0
51,312,1.0
51,264,1.0
51,50,1.0
52,385,1.0
52,154,1.0
52,199,1.0
52,222,1.0
52,387,1.0
52,313,1.0
53,284,1.0
53,11,1.0
53,230,1.0
53,147,1.0
53,35,1.0
53,210,1.0
54,65,1.0
54,224,1.0
54,315,1.0
54,342,1.0
54,319,1.0
54,225,1.0
55,13,1.0
55,165,1.0
55,402,1.0
55,365,1.0
55,367,1.0
55,181,1.0
56,248,1.0
56,374,1.0
56,314,1.0
56,396,1.0
56,306,1.0
56,182,1.0
57,347,1.0
57,406,1.0
57,301,1.0
57,4,1.0
57,1,1.0
57,117,1.0
58,261,1.0
58,71,1.0
58,149,1.0
58,2,1.0
58,305,1.0
58,178,1.0
59,136,1.0
59,361,1.0
59,97,1.0
59,326,1.0
59,122,1.0
59,4,1.0
60,128,1.0
60,138,1.0
60,233,1.0
60,105,1.0
60,3,1.0
60,99,1.0
61,354,1.0
61,164,1.0
61,88,1.0
61,398,1.0
61,218,1.0
61,404,1.0
62,90,1.0
62,29,1.0
62,160,1.0
62,381,1.0
62,324,1.0
62,343,1.0
63,228,1.0
63,157,1.0
63,286,1.0
63,239,1.0
63,153,1.0
63,16,1.0
64,33,1.0
64,247,1.0
64,386,1.0
64,226,1.0
64,238,1.0
64,258,1.0
65,54,1.0
65,315,1.0
65,224,1.0
65,319,1.0
65,342,1.0
65,267,1.0
66,289,1.0
66,44,1.0
66,388,1.0
66,384,1.0
66,188,1.0
66,295,1.0
67,343,1.0
67,32,1.0
67,324,1.0
67,127,1.0
67,106,1.0
67,160,1.0
68,214,1.0
68,264,1.0
68,357,1.0
68,312,1.0
68,121,1.0
68,147,1.0
69,200,1.0
69,363,1.0
69,48,1.0
69,145,1.0
69,300,1.0
69,369,1.0
70,84,1.0
70,293,1.0
70,339,1.0
70,158,1.0
70,17,1.0
70,46,1.0
71,58,1.0
71,2,1.0
71,261,1.0
71,178,1.0
71,149,1.0
71,242,1.0
72,302,1.0
72,237,1.0
72,40,1.0
72,134,1.0
72,189,1.0
72,164,1.0
73,392,1.0
73,344,1.0
73,174,1.0
73,285,1.0
73,96,1.0
73,310,1.0
74,383,1.0
74,131,1.0
74,227,1.0
74,276,1.0
74,83,1.0
74,182,1.0
75,170,1.0
75,240,1.0
75,238,1.0
75,267,1.0
75,386,1.0
75,319,1.0
76,242,1.0
76,244,1.0
76,144,1.0
76,325,1.0
76,210,1.0
76,178,1.0
77,35,1.0
77,207,1.0
77,140,1.0
77,210,1.0
77,294,1.0
77,325,1.0
78,251,1.0
78,9,1.0
78,266,1.0
78,328,1.0
78,114,1.0
78,105,1.0
79,80,1.0
79,397,1.0
79,299,1.0
79,229,1.0
79,318,1.0
79,396,1.0
80,79,1.0
80,299,1.0
80,397,1.0
80,229,1.0
80,396,1.0
80,374,1.0
81,91,1.0
81,283,1.0
81,186,1.0
81,321,1.0
81,89,1.0
81,371,1.0
82,379,1.0
82,108,1.0
82,115,1.0
82,317,1.0
82,254,1.0
82,330,1.0
83,198,1.0
83,227,1.0
83,349,1.0
83,383,1.0
83,74,1.0
83,122,1.0
84,70,1.0
84,158,1.0
84,293,1.0
84,17,1.0
84,339,1.0
84,208,1.0
85,152,1.0
85,263,1.0
85,92,1.0
85,252,1.0
85,400,1.0
85,205,1.0
86,352,1.0
86,110,1.0
86,403,1.0
86,268,1.0
86,321,1.0
86,89,1.0
87,213,1.0
87,12,1.0
87,153,1.0
87,192,1.0
87,16,1.0
87,36,1.0
88,164,1.0
88,398,1.0
88,294,1.0
88,61,1.0
88,354,1.0
88,140,1.0
89,321,1.0
89,129,1.0
89,275,1.0
89,351,1.0
89,91,1.0
89,86,1.0
90,62,1.0
90,160,1.0
90,381,1.0
90,29,1.0
90,196,1.0
90,347,1.0
91,81,1.0
91,283,1.0
91,186,1.0
91,371,1.0
91,89,1.0
91,321,1.0
92,400,1.0
92,152,1.0
92,85,1.0
92,118,1.0
92,202,1.0
92,333,1.0
93,135,1.0
93,322,1.0
93,331,1.0
93,181,1.0
93,356,1.0
93,175,1.0
94,378,1.0
94,179,1.0
94,125,1.0
94,291,1.0
94,246,1.0
94,130,1.0
95,255,1.0
95,16,1.0
95,153,1.0
95,19,1.0
95,126,1.0
95,28,1.0
96,285,1.0
96,329,1.0
96,392,1.0
96,348,1.0
96,73,1.0
96,369,1.0
97,326,1.0
97,361,1.0
97,212,1.0
97,59,1.0
97,190,1.0
97,136,1.0
98,340,1.0
98,162,1.0
98,310,1.0
98,257,1.0
98,174,1.0
98,185,1.0
99,337,1.0
99,47,1.0
99,278,1.0
99,359,1.0
99,60,1.0
99,151,1.0
100,5,1.0
100,201,1.0
100,369,1.0
100,348,1.0
100,48,1.0
100,197,1.0
101,189,1.0
101,116,1.0
101,40,1.0
101,144,1.0
101,237,1.0
101,244,1.0
102,231,1.0
102,130,1.0
102,291,1.0
102,234,1.0
102,223,1.0
102,179,1.0
103,26,1.0
103,273,1.0
103,281,1.0
103,269,1.0
103,336,1.0
103,45,1.0
104,376,1.0
104,338,1.0
104,327,1.0
104,167,1.0
104,313,1.0
104,380,1.0
105,128,1.0
105,60,1.0
105,138,1.0
105,47,1.0
105,178,1.0
105,2,1.0
106,127,1.0
106,32,1.0
106,67,1.0
106,350,1.0
106,196,1.0
106,405,1.0
107,287,1.0
107,280,1.0
107,246,1.0
107,146,1.0
107,323,1.0
107,125,1.0
108,317,1.0
108,82,1.0
108,379,1.0
108,330,1.0
108,115,1.0
108,193,1.0
109,119,1.0
109,176,1.0
109,112,1.0
109,67,1.0
109,343,1.0
109,279,1.0
110,86,1.0
110,352,1.0
110,403,1.0
110,39,1.0
110,321,1.0
110,220,1.0
111,195,1.0
111,250,1.0
111,204,1.0
111,34,1.0
111,124,1.0
111,270,1.0
112,176,1.0
112,109,1.0
112,119,1.0
112,279,1.0
112,324,1.0
112,343,1.0
113,205,1.0
113,142,1.0
113,194,1.0
113,20,1.0
113,43,1.0
113,333,1.0
114,328,1.0
114,27,1.0
114,41,1.0
114,143,1.0
114,251,1.0
114,362,1.0
115,254,1.0
115,379,1.0
115,82,1.0
115,169,1.0
115,108,1.0
115,288,1.0
116,144,1.0
116,101,1.0
116,244,1.0
116,189,1.0
116,242,1.0
116,40,1.0
117,282,1.0
117,301,1.0
117,155,1.0
117,406,1.0
117,346,1.0
117,57,1.0
118,202,1.0
118,400,1.0
118,306,1.0
118,92,1.0
118,314,1.0
118,152,1.0
119,109,1.0
119,176,1.0
119,112,1.0
119,32,1.0
119,67,1.0
119,127,1.0
120,336,1.0
120,333,1.0
120,269,1.0
120,20,1.0
120,273,1.0
120,205,1.0
121,357,1.0
121,22,1.0
121,332,1.0
121,68,1.0
121,334,1.0
121,284,1.0
122,349,1.0
122,370,1.0
122,184,1.0
122,198,1.0
122,83,1.0
122,59,1.0
123,271,1.0
123,245,1.0
123,265,1.0
123,307,1.0
123,345,1.0
123,30,1.0
124,204,1.0
124,193,1.0
124,195,1.0
124,330,1.0
124,111,1.0
124,317,1.0
125,378,1.0
125,246,1.0
125,94,1.0
125,280,1.0
125,179,1.0
125,107,1.0
126,23,1.0
126,19,1.0
126,334,1.0
126,28,1.0
126,382,1.0
126,390,1.0
127,32,1.0
127,106,1.0
127,67,1.0
127,343,1.0
127,196,1.0
127,381,1.0
128,60,1.0
128,105,1.0
128,138,1.0
128,233,1.0
128,2,1.0
128,47,1.0
129,89,1.0
129,275,1.0
129,321,1.0
129,351,1.0
129,359,1.0
129,403,1.0
130,291,1.0
130,102,1.0
130,179,1.0
130,231,1.0
130,94,1.0
130,234,1.0
131,74,1.0
131,276,1.0
131,383,1.0
131,182,1.0
131,227,1.0
131,396,1.0
132,175,1.0
132,377,1.0
132,270,1.0
132,34,1.0
132,366,1.0
132,331,1.0
133,311,1.0
133,260,1.0
133,206,1.0
133,38,1.0
133,191,1.0
133,375,1.0
134,302,1.0
134,72,1.0
134,237,1.0
134,354,1.0
134,39,1.0
134,61,1.0
135,93,1.0
135,181,1.0
135,322,1.0
135,331,1.0
135,165,1.0
135,402,1.0
136,59,1.0
136,361,1.0
136,97,1.0
136,1,1.0
136,184,1.0
136,370,1.0
137,37,1.0
137,7,1.0
137,10,1.0
137,180,1.0
137,125,1.0
137,246,1.0
138,233,1.0
138,60,1.0
138,128,1.0
138,3,1.0
138,335,1.0
138,105,1.0
139,274,1.0
139,143,1.0
139,41,1.0
139,180,1.0
139,10,1.0
139,27,1.0
140,207,1.0
140,294,1.0
140,77,1.0
140,398,1.0
140,35,1.0
140,88,1.0
141,355,1.0
141,6,1.0
141,305,1.0
141,220,1.0
141,39,1.0
141,149,1.0
142,194,1.0
142,113,1.0
142,43,1.0
142,205,1.0
142,177,1.0
142,20,1.0
143,41,1.0
143,139,1.0
143,274,1.0
143,27,1.0
143,114,1.0
143,180,1.0
144,244,1.0
144,116,1.0
144,242,1.0
144,101,1.0
144,76,1.0
144,189,1.0
145,300,1.0
145,200,1.0
145,183,1.0
145,69,1.0
145,353,1.0
145,363,1.0
146,323,1.0
146,287,1.0
146,187,1.0
146,107,1.0
146,203,1.0
146,280,1.0
147,241,1.0
147,11,1.0
147,341,1.0
147,399,1.0
147,53,1.0
147,68,1.0
148,30,1.0
148,265,1.0
148,245,1.0
148,211,1.0
148,232,1.0
148,249,1.0
149,261,1.0
149,305,1.0
149,58,1.0
149,6,1.0
149,71,1.0
149,141,1.0
150,401,1.0
150,31,1.0
150,402,1.0
150,21,1.0
150,165,1.0
150,225,1.0
151,235,1.0
151,243,1.0
151,337,1.0
151,99,1.0
151,47,1.0
151,278,1.0
152,85,1.0
152,92,1.0
152,400,1.0
152,263,1.0
152,118,1.0
152,333,1.0
153,12,1.0
153,16,1.0
153,87,1.0
153,255,1.0
153,213,1.0
153,95,1.0
154,199,1.0
154,52,1.0
154,387,1.0
154,385,1.0
154,188,1.0
154,222,1.0
155,282,1.0
155,346,1.0
155,117,1.0
155,236,1.0
155,301,1.0
155,14,1.0
156,362,1.0
156,203,1.0
156,187,1.0
156,323,1.0
156,289,1.0
156,27,1.0
157,286,1.0
157,63,1.0
157,228,1.0
157,239,1.0
157,153,1.0
157,12,1.0
158,17,1.0
158,84,1.0
158,208,1.0
158,70,1.0
158,277,1.0
158,293,1.0
159,42,1.0
159,166,1.0
159,389,1.0
159,24,1.0
159,8,1.0
159,124,1.0
160,381,1.0
160,90,1.0
160,196,1.0
160,62,1.0
160,350,1.0
160,29,1.0
161,298,1.0
161,215,1.0
161,295,1.0
161,163,1.0
161,197,1.0
161,219,1.0
162,98,1.0
162,257,1.0
162,340,1.0
162,185,1.0
162,310,1.0
162,316,1.0
163,219,1.0
163,298,1.0
163,15,1.0
163,161,1.0
163,290,1.0
163,215,1.0
164,88,1.0
164,61,1.0
164,354,1.0
164,398,1.0
164,294,1.0
164,72,1.0
165,13,1.0
165,402,1.0
165,31,1.0
165,55,1.0
165,150,1.0
165,135,1.0
166,159,1.0
166,42,1.0
166,8,1.0
166,389,1.0
166,232,1.0
166,123,1.0
167,380,1.0
167,338,1.0
167,104,1.0
167,24,1.0
167,376,1.0
167,389,1.0
168,303,1.0
168,0,1.0
168,297,1.0
168,49,1.0
168,171,1.0
168,365,1.0
169,288,1.0
169,254,1.0
169,115,1.0
169,358,1.0
169,221,1.0
169,379,1.0
170,75,1.0
170,267,1.0
170,319,1.0
170,240,1.0
170,238,1.0
170,315,1.0
171,364,1.0
171,297,1.0
171,308,1.0
171,303,1.0
171,25,1.0
171,168,1.0
172,373,1.0
172,216,1.0
172,50,1.0
172,309,1.0
172,217,1.0
172,360,1.0
173,320,1.0
173,277,1.0
173,208,1.0
173,316,1.0
173,17,1.0
173,185,1.0
174,344,1.0
174,310,1.0
174,73,1.0
174,340,1.0
174,98,1.0
174,392,1.0
175,132,1.0
175,377,1.0
175,270,1.0
175,93,1.0
175,322,1.0
175,135,1.0
176,112,1.0
176,109,1.0
176,119,1.0
176,343,1.0
176,324,1.0
176,279,1.0
177,43,1.0
177,375,1.0
177,194,1.0
177,38,1.0
177,142,1.0
177,311,1.0
178,2,1.0
178,71,1.0
178,58,1.0
178,76,1.0
178,105,1.0
178,128,1.0
179,94,1.0
179,291,1.0
179,378,1.0
179,130,1.0
179,125,1.0
179,102,1.0
180,10,1.0
180,274,1.0
180,37,1.0
180,139,1.0
180,137,1.0
180,143,1.0
181,135,1.0
181,93,1.0
181,322,1.0
181,13,1.0
181,165,1.0
181,55,1.0
182,276,1.0
182,396,1.0
182,374,1.0
182,131,1.0
182,74,1.0
182,56,1.0
183,353,1.0
183,300,1.0
183,296,1.0
183,145,1.0
183,304,1.0
183,200,1.0
184,370,1.0
184,122,1.0
184,349,1.0
184,368,1.0
184,136,1.0
184,18,1.0
185,316,1.0
185,257,1.0
185,162,1.0
185,320,1.0
185,173,1.0
185,98,1.0
186,283,1.0
186,371,1.0
186,91,1.0
186,81,1.0
186,275,1.0
186,129,1.0
187,323,1.0
187,203,1.0
187,146,1.0
187,156,1.0
187,287,1.0
187,362,1.0
188,387,1.0
188,388,1.0
188,199,1.0
188,44,1.0
188,154,1.0
188,66,1.0
189,101,1.0
189,40,1.0
189,237,1.0
189,116,1.0
189,72,1.0
189,144,1.0
190,394,1.0
190,212,1.0
190,326,1.0
190,318,1.0
190,97,1.0
190,229,1.0
191,206,1.0
191,272,1.0
191,260,1.0
191,133,1.0
191,200,1.0
191,69,1.0
192,36,1.0
192,213,1.0
192,87,1.0
192,12,1.0
192,373,1.0
192,172,1.0
193,330,1.0
193,124,1.0
193,317,1.0
193,204,1.0
193,108,1.0
193,195,1.0
194,43,1.0
194,142,1.0
194,177,1.0
194,113,1.0
194,375,1.0
194,205,1.0
195,111,1.0
195,204,1.0
195,250,1.0
195,124,1.0
195,34,1.0
195,193,1.0
196,381,1.0
196,350,1.0
196,160,1.0
196,405,1.0
196,90,1.0
196,14,1.0
197,259,1.0
197,295,1.0
197,215,1.0
197,393,1.0
197,161,1.0
197,201,1.0
198,83,1.0
198,349,1.0
198,227,1.0
198,122,1.0
198,383,1.0
198,370,1.0
199,387,1.0
199,154,1.0
199,188,1.0
199,52,1.0
199,388,1.0
199,385,1.0
200,69,1.0
200,145,1.0
200,300,1.0
200,363,1.0
200,48,1.0
200,183,1.0
201,369,1.0
201,100,1.0
201,5,1.0
201,348,1.0
201,329,1.0
201,197,1.0
202,118,1.0
202,306,1.0
202,400,1.0
202,314,1.0
202,248,1.0
202,92,1.0
203,187,1.0
203,156,1.0
203,323,1.0
203,362,1.0
203,146,1.0
203,27,1.0
204,124,1.0
204,195,1.0
204,111,1.0
204,193,1.0
204,250,1.0
204,330,1.0
205,113,1.0
205,20,1.0
205,142,1.0
205,333,1.0
205,194,1.0
205,120,1.0
206,191,1.0
206,260,1.0
206,272,1.0
206,133,1.0
206,311,1.0
206,200,1.0
207,140,1.0
207,77,1.0
207,294,1.0
207,35,1.0
207,398,1.0
207,210,1.0
208,277,1.0
208,17,1.0
208,173,1.0
208,158,1.0
208,320,1.0
208,84,1.0
209,366,1.0
209,249,1.0
209,211,1.0
209,232,1.0
209,270,1.0
209,377,1.0
210,325,1.0
210,35,1.0
210,77,1.0
210,207,1.0
210,242,1.0
210,76,1.0
211,249,1.0
211,232,1.0
211,209,1.0
211,8,1.0
211,366,1.0
211,148,1.0
212,326,1.0
212,190,1.0
212,97,1.0
212,394,1.0
212,361,1.0
212,318,1.0
213,87,1.0
213,192,1.0
213,36,1.0
213,12,1.0
213,153,1.0
213,373,1.0
214,264,1.0
214,68,1.0
214,312,1.0
214,256,1.0
214,357,1.0
214,28,1.0
215,295,1.0
215,161,1.0
215,197,1.0
215,298,1.0
215,259,1.0
215,163,1.0
216,172,1.0
216,373,1.0
216,50,1.0
216,36,1.0
216,217,1.0
216,192,1.0
217,360,1.0
217,51,1.0
217,256,1.0
217,172,1.0
217,216,1.0
217,404,1.0
218,253,1.0
218,404,1.0
218,399,1.0
218,372,1.0
218,341,1.0
218,61,1.0
219,163,1.0
219,15,1.0
219,290,1.0
219,298,1.0
219,161,1.0
219,292,1.0
220,39,1.0
220,355,1.0
220,141,1.0
220,6,1.0
220,302,1.0
220,72,1.0
221,292,1.0
221,358,1.0
221,290,1.0
221,288,1.0
221,15,1.0
221,169,1.0
222,313,1.0
222,385,1.0
222,327,1.0
222,52,1.0
222,376,1.0
222,154,1.0
223,345,1.0
223,234,1.0
223,307,1.0
223,231,1.0
223,271,1.0
223,102,1.0
224,342,1.0
224,54,1.0
224,65,1.0
224,225,1.0
224,315,1.0
224,21,1.0
225,21,1.0
225,342,1.0
225,224,1.0
225,401,1.0
225,150,1.0
225,54,1.0
226,258,1.0
226,33,1.0
226,304,1.0
226,64,1.0
226,296,1.0
226,247,1.0
227,383,1.0
227,83,1.0
227,74,1.0
227,198,1.0
227,131,1.0
227,349,1.0
228,63,1.0
228,157,1.0
228,286,1.0
228,255,1.0
228,16,1.0
228,153,1.0
229,318,1.0
229,397,1.0
229,79,1.0
229,394,1.0
229,80,1.0
229,190,1.0
230,284,1.0
230,53,1.0
230,11,1.0
230,393,1.0
230,325,1.0
230,22,1.0
231,102,1.0
231,234,1.0
231,223,1.0
231,130,1.0
231,345,1.0
231,291,1.0
232,8,1.0
232,211,1.0
232,249,1.0
232,166,1.0
232,209,1.0
232,250,1.0
233,138,1.0
233,3,1.0
233,60,1.0
233,335,1.0
233,268,1.0
233,128,1.0
234,223,1.0
234,231,1.0
234,345,1.0
234,102,1.0
234,307,1.0
234,130,1.0
235,151,1.0
235,243,1.0
235,99,1.0
235,337,1.0
235,278,1.0
235,371,1.0
236,346,1.0
236,155,1.0
236,282,1.0
236,397,1.0
236,79,1.0
236,80,1.0
237,40,1.0
237,72,1.0
237,189,1.0
237,302,1.0
237,101,1.0
237,134,1.0
238,386,1.0
238,240,1.0
238,247,1.0
238,75,1.0
238,64,1.0
238,170,1.0
239,286,1.0
239,157,1.0
239,63,1.0
239,213,1.0
239,87,1.0
239,192,1.0
240,238,1.0
240,75,1.0
240,386,1.0
240,170,1.0
240,247,1.0
240,267,1.0
241,147,1.0
241,341,1.0
241,399,1.0
241,11,1.0
241,253,1.0
241,294,1.0
242,76,1.0
242,244,1.0
242,144,1.0
242,116,1.0
242,210,1.0
242,71,1.0
243,151,1.0
243,235,1.0
243,47,1.0
243,337,1.0
243,99,1.0
243,278,1.0
244,144,1.0
244,242,1.0
244,116,1.0
244,76,1.0
244,101,1.0
244,77,1.0
245,265,1.0
245,123,1.0
245,271,1.0
245,30,1.0
245,148,1.0
245,307,1.0
246,280,1.0
246,125,1.0
246,107,1.0
246,378,1.0
246,94,1.0
246,287,1.0
247,386,1.0
247,64,1.0
247,238,1.0
247,33,1.0
247,240,1.0
247,226,1.0
248,314,1.0
248,56,1.0
248,306,1.0
248,374,1.0
248,202,1.0
248,396,1.0
249,211,1.0
249,209,1.0
249,366,1.0
249,232,1.0
249,8,1.0
249,270,1.0
250,34,1.0
250,111,1.0
250,195,1.0
250,270,1.0
250,204,1.0
250,377,1.0
251,78,1.0
251,9,1.0
251,266,1.0
251,262,1.0
251,114,1.0
251,328,1.0
252,263,1.0
252,85,1.0
252,142,1.0
252,194,1.0
252,43,1.0
252,113,1.0
253,218,1.0
253,399,1.0
253,404,1.0
253,341,1.0
253,372,1.0
253,241,1.0
254,115,1.0
254,169,1.0
254,379,1.0
254,288,1.0
254,82,1.0
254,358,1.0
255,16,1.0
255,95,1.0
255,153,1.0
255,12,1.0
255,228,1.0
255,28,1.0
256,312,1.0
256,51,1.0
256,264,1.0
256,360,1.0
256,214,1.0
256,217,1.0
257,185,1.0
257,162,1.0
257,316,1.0
257,98,1.0
257,340,1.0
257,320,1.0
258,226,1.0
258,304,1.0
258,296,1.0
258,33,1.0
258,353,1.0
258,64,1.0
259,197,1.0
259,393,1.0
259,295,1.0
259,215,1.0
259,384,1.0
259,5,1.0
260,206,1.0
260,133,1.0
260,191,1.0
260,311,1.0
260,272,1.0
260,38,1.0
261,58,1.0
261,149,1.0
261,71,1.0
261,305,1.0
261,2,1.0
261,6,1.0
262,266,1.0
262,9,1.0
262,251,1.0
262,41,1.0
262,143,1.0
262,139,1.0
263,252,1.0
263,85,1.0
263,152,1.0
263,142,1.0
263,113,1.0
263,194,1.0
264,214,1.0
264,312,1.0
264,68,1.0
264,256,1.0
264,51,1.0
264,341,1.0
265,245,1.0
265,30,1.0
265,123,1.0
265,148,1.0
265,271,1.0
265,8,1.0
266,9,1.0
266,262,1.0
266,251,1.0
266,78,1.0
266,41,1.0
266,27,1.0
267,319,1.0
267,170,1.0
267,75,1.0
267,315,1.0
267,65,1.0
267,240,1.0
268,335,1.0
268,403,1.0
268,3,1.0
268,352,1.0
268,233,1.0
268,86,1.0
269,336,1.0
269,273,1.0
269,120,1.0
269,103,1.0
269,333,1.0
269,26,1.0
270,377,1.0
270,34,1.0
270,132,1.0
270,250,1.0
270,175,1.0
270,111,1.0
271,123,1.0
271,307,1.0
271,245,1.0
271,345,1.0
271,223,1.0
271,265,1.0
272,191,1.0
272,206,1.0
272,260,1.0
272,363,1.0
272,69,1.0
272,48,1.0
273,269,1.0
273,103,1.0
273,336,1.0
273,26,1.0
273,120,1.0
273,281,1.0
274,139,1.0
274,180,1.0
274,143,1.0
274,10,1.0
274,37,1.0
274,41,1.0
275,351,1.0
275,129,1.0
275,89,1.0
275,359,1.0
275,321,1.0
275,278,1.0
276,182,1.0
276,131,1.0
276,396,1.0
276,74,1.0
276,383,1.0
276,374,1.0
277,208,1.0
277,173,1.0
277,17,1.0
277,320,1.0
277,158,1.0
277,316,1.0
278,359,1.0
278,99,1.0
278,351,1.0
278,337,1.0
278,275,1.0
278,233,1.0
279,176,1.0
279,112,1.0
279,109,1.0
279,119,1.0
279,324,1.0
279,343,1.0
280,246,1.0
280,107,1.0
280,287,1.0
280,125,1.0
280,378,1.0
280,146,1.0
281,45,1.0
281,26,1.0
281,25,1.0
281,103,1.0
281,308,1.0
281,273,1.0
282,155,1.0
282,117,1.0
282,346,1.0
282,301,1.0
282,236,1.0
282,406,1.0
283,186,1.0
283,91,1.0
283,81,1.0
283,371,1.0
283,89,1.0
283,129,1.0
284,53,1.0
284,230,1.0
284,11,1.0
284,22,1.0
284,121,1.0
284,325,1.0
285,96,1.0
285,392,1.0
285,329,1.0
285,73,1.0
285,348,1.0
285,344,1.0
286,157,1.0
286,239,1.0
286,63,1.0
286,228,1.0
286,87,1.0
286,12,1.0
287,107,1.0
287,146,1.0
287,280,1.0
287,323,1.0
287,187,1.0
287,246,1.0
288,169,1.0
288,358,1.0
288,221,1.0
288,254,1.0
288,292,1.0
288,115,1.0
289,66,1.0
289,384,1.0
289,44,1.0
289,388,1.0
289,156,1.0
289,295,1.0
290,292,1.0
290,15,1.0
290,221,1.0
290,219,1.0
290,358,1.0
290,163,1.0
291,130,1.0
291,179,1.0
291,102,1.0
291,94,1.0
291,378,1.0
291,231,1.0
292,221,1.0
292,290,1.0
292,358,1.0
292,15,1.0
292,288,1.0
292,219,1.0
293,339,1.0
293,70,1.0
293,84,1.0
293,46,1.0
293,356,1.0
293,158,1.0
294,398,1.0
294,140,1.0
294,207,1.0
294,88,1.0
294,77,1.0
294,164,1.0
295,215,1.0
295,197,1.0
295,161,1.0
295,259,1.0
295,298,1.0
295,393,1.0
296,353,1.0
296,304,1.0
296,183,1.0
296,258,1.0
296,300,1.0
296,226,1.0
297,303,1.0
297,171,1.0
297,168,1.0
297,364,1.0
297,308,1.0
297,0,1.0
298,161,1.0
298,163,1.0
298,215,1.0
298,219,1.0
298,295,1.0
298,15,1.0
299,80,1.0
299,79,1.0
299,397,1.0
299,56,1.0
299,374,1.0
299,248,1.0
300,145,1.0
300,183,1.0
300,200,1.0
300,353,1.0
300,296,1.0
300,69,1.0
301,406,1.0
301,117,1.0
301,282,1.0
301,57,1.0
301,155,1.0
301,347,1.0
302,72,1.0
302,134,1.0
302,237,1.0
302,40,1.0
302,220,1.0
302,39,1.0
303,168,1.0
303,297,1.0
303,0,1.0
303,171,1.0
303,49,1.0
303,364,1.0
304,296,1.0
304,258,1.0
304,353,1.0
304,226,1.0
304,183,1.0
304,33,1.0
305,6,1.0
305,149,1.0
305,261,1.0
305,141,1.0
305,58,1.0
305,355,1.0
306,314,1.0
306,202,1.0
306,248,1.0
306,118,1.0
306,56,1.0
306,400,1.0
307,345,1.0
307,271,1.0
307,223,1.0
307,123,1.0
307,234,1.0
307,245,1.0
308,364,1.0
308,25,1.0
308,171,1.0
308,45,1.0
308,297,1.0
308,281,1.0
309,50,1.0
309,391,1.0
309,373,1.0
309,390,1.0
309,172,1.0
309,28,1.0
310,340,1.0
310,174,1.0
310,98,1.0
310,344,1.0
310,162,1.0
310,73,1.0
311,133,1.0
311,38,1.0
311,375,1.0
311,260,1.0
311,206,1.0
311,177,1.0
312,256,1.0
312,264,1.0
312,214,1.0
312,51,1.0
312,68,1.0
312,360,1.0
313,222,1.0
313,327,1.0
313,385,1.0
313,376,1.0
313,104,1.0
313,52,1.0
314,248,1.0
314,306,1.0
314,56,1.0
314,202,1.0
314,374,1.0
314,118,1.0
315,65,1.0
315,319,1.0
315,54,1.0
315,267,1.0
315,224,1.0
315,170,1.0
316,185,1.0
316,320,1.0
316,257,1.0
316,173,1.0
316,162,1.0
316,277,1.0
317,108,1.0
317,330,1.0
317,193,1.0
317,82,1.0
317,379,1.0
317,124,1.0
318,229,1.0
318,394,1.0
318,397,1.0
318,190,1.0
318,79,1.0
318,212,1.0
319,267,1.0
319,315,1.0
319,65,1.0
319,170,1.0
319,54,1.0
319,75,1.0
320,173,1.0
320,316,1.0
320,277,1.0
320,185,1.0
320,208,1.0
320,257,1.0
321,89,1.0
321,129,1.0
321,275,1.0
321,86,1.0
321,91,1.0
321,110,1.0
322,331,1.0
322,93,1.0
322,135,1.0
322,356,1.0
322,46,1.0
322,181,1.0
323,187,1.0
323,146,1.0
323,203,1.0
323,287,1.0
323,156,1.0
323,107,1.0
324,343,1.0
324,67,1.0
324,32,1.0
324,62,1.0
324,176,1.0
324,29,1.0
325,210,1.0
325,35,1.0
325,77,1.0
325,76,1.0
325,230,1.0
325,284,1.0
326,97,1.0
326,212,1.0
326,361,1.0
326,190,1.0
326,59,1.0
326,394,1.0
327,376,1.0
327,313,1.0
327,104,1.0
327,222,1.0
327,338,1.0
327,385,1.0
328,114,1.0
328,27,1.0
328,41,1.0
328,362,1.0
328,251,1.0
328,78,1.0
329,348,1.0
329,96,1.0
329,285,1.0
329,369,1.0
329,392,1.0
329,201,1.0
330,193,1.0
330,317,1.0
330,108,1.0
330,124,1.0
330,204,1.0
330,82,1.0
331,322,1.0
331,356,1.0
331,46,1.0
331,93,1.0
331,339,1.0
331,135,1.0
332,22,1.0
332,121,1.0
332,5,1.0
332,357,1.0
332,395,1.0
332,382,1.0
333,20,1.0
333,120,1.0
333,336,1.0
333,205,1.0
333,269,1.0
333,113,1.0
334,382,1.0
334,23,1.0
334,126,1.0
334,395,1.0
334,19,1.0
334,121,1.0
335,268,1.0
335,3,1.0
335,403,1.0
335,233,1.0
335,352,1.0
335,138,1.0
336,269,1.0
336,120,1.0
336,273,1.0
336,333,1.0
336,103,1.0
336,20,1.0
337,99,1.0
337,47,1.0
337,278,1.0
337,151,1.0
337,60,1.0
337,243,1.0
338,104,1.0
338,167,1.0
338,376,1.0
338,380,1.0
338,327,1.0
338,24,1.0
339,293,1.0
339,46,1.0
339,356,1.0
339,70,1.0
339,331,1.0
339,84,1.0
340,98,1.0
340,310,1.0
340,162,1.0
340,174,1.0
340,257,1.0
340,344,1.0
341,399,1.0
341,241,1.0
341,147,1.0
341,253,1.0
341,218,1.0
341,264,1.0
342,224,1.0
342,225,1.0
342,21,1.0
342,54,1.0
342,65,1.0
342,401,1.0
343,324,1.0
343,67,1.0
343,32,1.0
343,127,1.0
343,176,1.0
343,62,1.0
344,174,1.0
344,73,1.0
344,310,1.0
344,392,1.0
344,340,1.0
344,285,1.0
345,223,1.0
345,307,1.0
345,234,1.0
345,271,1.0
345,231,1.0
345,123,1.0
346,155,1.0
346,236,1.0
346,282,1.0
346,117,1.0
346,397,1.0
346,229,1.0
347,57,1.0
347,4,1.0
347,406,1.0
347,1,1.0
347,301,1.0
347,90,1.0
348,329,1.0
348,369,1.0
348,96,1.0
348,201,1.0
348,285,1.0
348,100,1.0
349,122,1.0
349,198,1.0
349,83,1.0
349,370,1.0
349,184,1.0
349,227,1.0
350,196,1.0
350,405,1.0
350,381,1.0
350,14,1.0
350,160,1.0
350,117,1.0
351,275,1.0
351,359,1.0
351,129,1.0
351,278,1.0
351,89,1.0
351,335,1.0
352,86,1.0
352,403,1.0
352,110,1.0
352,268,1.0
352,335,1.0
352,355,1.0
353,296,1.0
353,183,1.0
353,304,1.0
353,300,1.0
353,258,1.0
353,145,1.0
354,61,1.0
354,164,1.0
354,88,1.0
354,134,1.0
354,372,1.0
354,302,1.0
355,141,1.0
355,220,1.0
355,6,1.0
355,39,1.0
355,305,1.0
355,352,1.0
356,46,1.0
356,331,1.0
356,339,1.0
356,322,1.0
356,293,1.0
356,93,1.0
357,121,1.0
357,22,1.0
357,68,1.0
357,332,1.0
357,214,1.0
357,11,1.0
358,221,1.0
358,288,1.0
358,292,1.0
358,169,1.0
358,290,1.0
358,254,1.0
359,278,1.0
359,351,1.0
359,275,1.0
359,99,1.0
359,129,1.0
359,3,1.0
360,51,1.0
360,217,1.0
360,256,1.0
360,312,1.0
360,404,1.0
360,172,1.0
361,97,1.0
361,59,1.0
361,326,1.0
361,136,1.0
361,212,1.0
361,4,1.0
362,156,1.0
362,203,1.0
362,187,1.0
362,328,1.0
362,114,1.0
362,384,1.0
363,48,1.0
363,69,1.0
363,200,1.0
363,145,1.0
363,272,1.0
363,369,1.0
364,308,1.0
364,171,1.0
364,25,1.0
364,297,1.0
364,45,1.0
364,303,1.0
365,367,1.0
365,49,1.0
365,18,1.0
365,0,1.0
365,368,1.0
365,168,1.0
366,209,1.0
366,249,1.0
366,211,1.0
366,132,1.0
366,377,1.0
366,175,1.0
367,365,1.0
367,18,1.0
367,49,1.0
367,368,1.0
367,0,1.0
367,349,1.0
368,18,1.0
368,367,1.0
368,365,1.0
368,370,1.0
368,184,1.0
368,122,1.0
369,201,1.0
369,348,1.0
369,100,1.0
369,329,1.0
369,5,1.0
369,96,1.0
370,184,1.0
370,122,1.0
370,349,1.0
370,198,1.0
370,368,1.0
370,18,1.0
371,186,1.0
371,283,1.0
371,91,1.0
371,351,1.0
371,275,1.0
371,359,1.0
372,404,1.0
372,218,1.0
372,253,1.0
372,354,1.0
372,217,1.0
372,360,1.0
373,172,1.0
373,50,1.0
373,216,1.0
373,309,1.0
373,391,1.0
373,213,1.0
374,396,1.0
374,56,1.0
374,182,1.0
374,248,1.0
374,314,1.0
374,276,1.0
375,38,1.0
375,177,1.0
375,311,1.0
375,43,1.0
375,194,1.0
375,133,1.0
376,104,1.0
376,327,1.0
376,338,1.0
376,313,1.0
376,167,1.0
376,222,1.0
377,270,1.0
377,132,1.0
377,175,1.0
377,34,1.0
377,250,1.0
377,331,1.0
378,94,1.0
378,125,1.0
378,179,1.0
378,246,1.0
378,291,1.0
378,280,1.0
379,82,1.0
379,115,1.0
379,108,1.0
379,254,1.0
379,317,1.0
379,169,1.0
380,167,1.0
380,24,1.0
380,389,1.0
380,338,1.0
380,104,1.0
380,42,1.0
381,196,1.0
381,160,1.0
381,350,1.0
381,90,1.0
381,405,1.0
381,62,1.0
382,334,1.0
382,395,1.0
382,23,1.0
382,126,1.0
382,332,1.0
382,22,1.0
383,74,1.0
383,227,1.0
383,131,1.0
383,83,1.0
383,276,1.0
383,198,1.0
384,289,1.0
384,66,1.0
384,44,1.0
384,259,1.0
384,197,1.0
384,362,1.0
385,52,1.0
385,222,1.0
385,313,1.0
385,154,1.0
385,199,1.0
385,327,1.0
386,238,1.0
386,247,1.0
386,240,1.0
386,64,1.0
386,75,1.0
386,33,1.0
387,199,1.0
387,188,1.0
387,154,1.0
387,388,1.0
387,52,1.0
387,44,1.0
388,44,1.0
388,188,1.0
388,66,1.0
388,387,1.0
388,199,1.0
388,289,1.0
389,24,1.0
389,42,1.0
389,159,1.0
389,380,1.0
389,166,1.0
389,167,1.0
390,391,1.0
390,28,1.0
390,309,1.0
390,19,1.0
390,50,1.0
390,126,1.0
391,390,1.0
391,309,1.0
391,28,1.0
391,50,1.0
391,19,1.0
391,373,1.0
392,73,1.0
392,285,1.0
392,96,1.0
392,344,1.0
392,329,1.0
392,174,1.0
393,259,1.0
393,197,1.0
393,230,1.0
393,295,1.0
393,5,1.0
393,100,1.0
394,190,1.0
394,318,1.0
394,212,1.0
394,229,1.0
394,326,1.0
394,397,1.0
395,382,1.0
395,334,1.0
395,23,1.0
395,332,1.0
395,22,1.0
395,126,1.0
396,374,1.0
396,182,1.0
396,276,1.0
396,56,1.0
396,248,1.0
396,131,1.0
397,79,1.0
397,229,1.0
397,80,1.0
397,318,1.0
397,299,1.0
397,394,1.0
398,294,1.0
398,88,1.0
398,164,1.0
398,140,1.0
398,207,1.0
398,61,1.0
399,341,1.0
399,253,1.0
399,218,1.0
399,241,1.0
399,404,1.0
399,147,1.0
400,92,1.0
400,118,1.0
400,202,1.0
400,152,1.0
400,85,1.0
400,306,1.0
401,150,1.0
401,21,1.0
401,31,1.0
401,225,1.0
401,402,1.0
401,342,1.0
402,31,1.0
402,165,1.0
402,150,1.0
402,13,1.0
402,401,1.0
402,55,1.0
403,268,1.0
403,352,1.0
403,335,1.0
403,86,1.0
403,3,1.0
403,110,1.0
404,372,1.0
404,218,1.0
404,253,1.0
404,399,1.0
404,360,1.0
404,61,1.0
405,14,1.0
405,350,1.0
405,196,1.0
405,381,1.0
405,117,1.0
405,282,1.0
406,301,1.0
406,57,1.0
406,347,1.0
406,117,1.0
406,282,1.0
406,4,1.0
